CREATE DATABASE C;
USE C;
CREATE TABLE SALESMAN
(SALESMAN_ID INT,
NAME VARCHAR(20),
CITY VARCHAR(20),
COMMISSION VARCHAR(20),
PRIMARY KEY (SALESMAN_ID));
CREATE TABLE CUSTOMER
(CUSTOMER_ID INT,
CUST_NAME VARCHAR(20),
CITY VARCHAR(20),
GRADE INT,
SALESMAN_ID INT,
PRIMARY KEY(CUSTOMER_ID),
FOREIGN KEY(SALESMAN_ID) REFERENCES SALESMAN (SALESMAN_ID) ON DELETE SET NULL);
CREATE TABLE ORDERS
(ORD_NO INT,
PURCHASE_AMT INT,
ORD_DATE VARCHAR(20),
CUSTOMER_ID INT,
SALESMAN_ID INT,
PRIMARY KEY (ORD_NO),
FOREIGN KEY(CUSTOMER_ID) REFERENCES CUSTOMER(CUSTOMER_ID) ON DELETE CASCADE,
FOREIGN KEY(SALESMAN_ID) REFERENCES SALESMAN(SALESMAN_ID) ON DELETE CASCADE);

INSERT INTO SALESMAN VALUES (1000, 'JOHN','BANGALORE','25%');
INSERT INTO SALESMAN VALUES (2000, 'RAVI','BANGALORE','20%');
INSERT INTO SALESMAN VALUES (3000, 'KUMAR','MYSORE','15 %');
INSERT INTO SALESMAN VALUES (4000, 'SMITH','DELHI','30 %');
INSERT INTO SALESMAN VALUES (5000, 'HARSHA','HYDRABAD','15%');
INSERT INTO CUSTOMER VALUES (10, 'PREETHI','BANGALORE', 100, 1000);
INSERT INTO CUSTOMER VALUES (11, 'VIVEK','MANGALORE', 300, 1000);
INSERT INTO CUSTOMER VALUES (12, 'BHASKAR','CHENNAI', 400, 2000);
INSERT INTO CUSTOMER VALUES (13, 'CHETHAN','BANGALORE', 200, 2000);
INSERT INTO CUSTOMER VALUES (14, 'MAMATHA','BANGALORE', 400, 3000);
INSERT INTO ORDERS VALUES (50, 5000, '04-MAY-17', 10, 1000);
INSERT INTO ORDERS VALUES (51, 450, '20-JAN-17', 10, 2000);
INSERT INTO ORDERS VALUES (52, 1000, '24-FEB-17', 13, 2000);
INSERT INTO ORDERS VALUES (53, 3500, '13-APR-17', 14, 3000);
INSERT INTO ORDERS VALUES (54, 550, '09-MAR-17', 12, 2000); 
